created_at,date,sport,home_team,away_team,predicted_result,predicted_score,actual_result,confidence,key_factors,risk_factors,prediction_date,actual_score,prediction_correct,result_updated_at,run_timestamp,match,predicted_winner,win_probability_home,win_probability_away,draw_probability,model_version,top_probability,pick_category,data_source,home_win_probability,away_win_probability
2026-05-28T22:59:30,2026-05-28,football,Mexico,South Africa,Mexico,Mexico 2 - 1 South Africa,,Low,"Mexico recent goals for 1.20, against 1.20 | South Africa recent goals for 1.20, against 0.90 | FIFA rank edge feature +0.44 | home_elo=1662, away_elo=1587, elo_diff=+76, elo_win_probability=0.660 | home_momentum=DDWWW, away_momentum=LDWWD, momentum_score_edge=+1.6 | home_advantage_score=0.28 | draw_probability=0.275, draw_risk=0.464, predicted_result=HOME_WIN | AI analysis: model leans Mexico after combining Elo, form, availability, rest, and venue context. | home_momentum=DDWWW, away_momentum=LDWWD, momentum_score_edge=+1.6 | home_advantage_score=0.28 | draw_probability=0.275, draw_risk=0.464, predicted_result=HOME_WIN",No major data completeness risks detected.,2026-05-28,,,,,,,,,,,,,,,
2026-05-28T22:59:30,2026-05-28,football,United States,Belgium,Belgium,United States 1 - 2 Belgium,,Low,"United States recent goals for 1.55, against 1.60 | Belgium recent goals for 1.70, against 0.85 | FIFA rank edge feature -0.08 | home_elo=1642, away_elo=1775, elo_diff=-133, elo_win_probability=0.369 | home_momentum=LLWWW, away_momentum=DWWWD, momentum_score_edge=-1.7 | home_advantage_score=0.22 | draw_probability=0.255, draw_risk=0.364, predicted_result=AWAY_WIN | AI analysis: model leans Belgium after combining Elo, form, availability, rest, and venue context. | home_momentum=LLWWW, away_momentum=DWWWD, momentum_score_edge=-1.7 | home_advantage_score=0.22 | draw_probability=0.255, draw_risk=0.364, predicted_result=AWAY_WIN",No major data completeness risks detected.,2026-05-28,,,,,,,,,,,,,,,
2026-05-28T22:59:46,2026-04-12,nba,Boston Celtics,Orlando Magic,Boston Celtics,Boston Celtics 119 - 112 Orlando Magic,Boston Celtics,Low,"Model favors Boston Celtics mainly because of team strength (+6.3 rating edge). | Model favors Boston Celtics mainly because of home/away split (+5.7 rating edge). | Model favors Boston Celtics mainly because of defense (+5.6 rating edge). | Boston Celtics injury impact: team_injury_penalty=-5.7, missing_starters=1, top=Jayson Tatum Out (5.7) | Orlando Magic injury impact: team_injury_penalty=-1.4, missing_starters=0, top=Jonathan Isaac Out (0.7), Franz Wagner Out (0.7) | home_elo=1744, away_elo=1604, elo_diff=+140, elo_win_probability=0.759 | home_momentum=WLWWW, away_momentum=WWWWW, momentum_score_edge=-6.2 | home_fatigue_score=0.0, away_fatigue_score=1.0, rest_advantage=+1.0, travel_penalty_home=0.0, travel_penalty_away=1.0 | home_advantage_score=2.9 | confidence_cap=0.70, upset_risk_score=0.16 | AI analysis: model leans Boston Celtics after combining Elo, form, availability, rest, and venue context. | home_elo=1744, away_elo=1604, elo_diff=+140, elo_win_probability=0.759 | home_momentum=WLWWW, away_momentum=WWWWW, momentum_score_edge=-6.2 | home_fatigue_score=0.0, away_fatigue_score=1.0, rest_advantage=+1.0, travel_penalty_home=0.0, travel_penalty_away=1.0 | home_advantage_score=2.9 | Main risk: Boston Celtics has high injury impact (-5.7).","Boston Celtics injury penalty -5.7. | Orlando Magic injury penalty -1.4. | favorite_risk_reason=Orlando Magic has upset profile: healthy and recent form is strong. | confidence_cap=0.72, upset_risk_score=0.12. | Boston Celtics injury API failed; using injury_cache.csv fallback | Boston Celtics missing_starters=1 | Orlando Magic injury API failed; using injury_cache.csv fallback | Boston Celtics has high injury impact (-5.7). | favorite_risk_reason=Boston Celtics has unstable momentum.",2026-04-12,Boston Celtics 113 - 108 Orlando Magic,True,2026-05-31T15:58:28,,,,,,,,,,,,
2026-05-28T22:59:46,2026-04-12,nba,Cleveland Cavaliers,Washington Wizards,Cleveland Cavaliers,Cleveland Cavaliers 143 - 94 Washington Wizards,Cleveland Cavaliers,Medium,"Model favors Cleveland Cavaliers mainly because of recent form (+28.8 rating edge). | Model favors Cleveland Cavaliers mainly because of team strength (+22.1 rating edge). | Model favors Cleveland Cavaliers mainly because of injury availability (+13.8 rating edge). | Cleveland Cavaliers injury impact: team_injury_penalty=-0.7, missing_starters=0, top=Dennis Schroder Out (0.7) | Washington Wizards injury impact: team_injury_penalty=-11.0, missing_starters=1, top=Anthony Davis Out (5.4), Tristan Vukcevic Out (0.7), Alex Sarr Out (0.7) | home_elo=1641, away_elo=1114, elo_diff=+527, elo_win_probability=0.967 | home_momentum=LWWWW, away_momentum=LLLLL, momentum_score_edge=+6.0 | home_fatigue_score=0.6, away_fatigue_score=0.4, rest_advantage=-0.3, travel_penalty_home=0.6, travel_penalty_away=0.4 | home_advantage_score=2.1 | confidence_cap=0.70, upset_risk_score=0.16 | AI analysis: model leans Cleveland Cavaliers after combining Elo, form, availability, rest, and venue context. | home_elo=1641, away_elo=1114, elo_diff=+527, elo_win_probability=0.967 | home_momentum=LWWWW, away_momentum=LLLLL, momentum_score_edge=+6.0 | home_fatigue_score=0.6, away_fatigue_score=0.4, rest_advantage=-0.3, travel_penalty_home=0.6, travel_penalty_away=0.4 | home_advantage_score=2.1 | Main risk: Washington Wizards has high injury impact (-11.0).","Cleveland Cavaliers injury penalty -0.7. | Washington Wizards injury penalty -14.5. | confidence_cap=0.80, upset_risk_score=0.00. | Cleveland Cavaliers injury API failed; using injury_cache.csv fallback | Washington Wizards injury API failed; using injury_cache.csv fallback | Washington Wizards missing_starters=1 | Washington Wizards has high injury impact (-11.0). | favorite_risk_reason=Cleveland Cavaliers has unstable momentum.",2026-04-12,Cleveland Cavaliers 130 - 117 Washington Wizards,True,2026-05-31T15:58:28,,,,,,,,,,,,
2026-05-28T22:59:46,2026-04-12,nba,Indiana Pacers,Detroit Pistons,Detroit Pistons,Indiana Pacers 97 - 131 Detroit Pistons,Detroit Pistons,Medium,"Model favors Detroit Pistons mainly because of team strength (+18.3 rating edge). | Model favors Detroit Pistons mainly because of recent form (+18.0 rating edge). | Model favors Detroit Pistons mainly because of injury availability (+10.8 rating edge). | Indiana Pacers injury impact: team_injury_penalty=-10.8, missing_starters=1, top=Tyrese Haliburton Out (5.2), Ben Sheppard Out (0.7), Jarace Walker Out (0.7) | Detroit Pistons no confirmed injury records available; penalty 0.0 | home_elo=1266, away_elo=1735, elo_diff=-468, elo_win_probability=0.087 | home_momentum=LWLLL, away_momentum=WWLWW, momentum_score_edge=-4.9 | home_fatigue_score=0.0, away_fatigue_score=0.5, rest_advantage=+0.5, travel_penalty_home=0.0, travel_penalty_away=0.5 | home_advantage_score=2.1 | confidence_cap=0.72, upset_risk_score=0.14 | AI analysis: model leans Detroit Pistons after combining Elo, form, availability, rest, and venue context. | home_elo=1266, away_elo=1735, elo_diff=-468, elo_win_probability=0.087 | home_momentum=LWLLL, away_momentum=WWLWW, momentum_score_edge=-4.9 | home_fatigue_score=0.0, away_fatigue_score=0.5, rest_advantage=+0.5, travel_penalty_home=0.0, travel_penalty_away=0.5 | home_advantage_score=2.1 | Main risk: Indiana Pacers has high injury impact (-10.8).","Indiana Pacers injury penalty -10.8. | favorite_risk_reason=Detroit Pistons is an away favorite. | confidence_cap=0.72, upset_risk_score=0.14. | Indiana Pacers injury API failed; using injury_cache.csv fallback | Indiana Pacers missing_starters=1 | WARNING: missing injury data for Detroit Pistons | Indiana Pacers has high injury impact (-10.8). | favorite_risk_reason=Detroit Pistons is an away favorite.",2026-04-12,Indiana Pacers 121 - 133 Detroit Pistons,True,2026-05-31T15:58:28,,,,,,,,,,,,
2026-05-28T22:59:46,2026-04-12,nba,Miami Heat,Atlanta Hawks,Atlanta Hawks,Miami Heat 113 - 128 Atlanta Hawks,Miami Heat,Medium,"Model favors Atlanta Hawks mainly because of recent form (+10.8 rating edge). | Model favors Atlanta Hawks mainly because of defense (+9.4 rating edge). | Model favors Atlanta Hawks mainly because of team strength (+4.9 rating edge). | Miami Heat injury impact: team_injury_penalty=-2.8, missing_starters=0, top=Tyler Herro Out (0.7), Bam Adebayo Out (0.7), Dru Smith Out (0.7) | Atlanta Hawks injury impact: team_injury_penalty=-1.4, missing_starters=0, top=Keshon Gilbert Out (0.7), Jock Landale Out (0.7) | home_elo=1481, away_elo=1669, elo_diff=-188, elo_win_probability=0.323 | home_momentum=WLLWL, away_momentum=WLLWW, momentum_score_edge=-0.1 | home_fatigue_score=1.1, away_fatigue_score=0.7, rest_advantage=-0.4, travel_penalty_home=1.1, travel_penalty_away=0.7 | home_advantage_score=2.1 | confidence_cap=0.70, upset_risk_score=0.30 | AI analysis: model leans Atlanta Hawks after combining Elo, form, availability, rest, and venue context. | home_elo=1481, away_elo=1669, elo_diff=-188, elo_win_probability=0.323 | home_momentum=WLLWL, away_momentum=WLLWW, momentum_score_edge=-0.1 | home_fatigue_score=1.1, away_fatigue_score=0.7, rest_advantage=-0.4, travel_penalty_home=1.1, travel_penalty_away=0.7 | home_advantage_score=2.1 | Main risk: favorite_risk_reason=Atlanta Hawks is an away favorite.","Miami Heat injury penalty -2.8. | Atlanta Hawks injury penalty -1.4. | favorite_risk_reason=Atlanta Hawks is an away favorite. | favorite_risk_reason=Atlanta Hawks has unstable recent momentum. | confidence_cap=0.70, upset_risk_score=0.30. | Miami Heat injury API failed; using injury_cache.csv fallback | Atlanta Hawks injury API failed; using injury_cache.csv fallback | favorite_risk_reason=Atlanta Hawks is an away favorite. | favorite_risk_reason=Atlanta Hawks has unstable momentum.",2026-04-12,Miami Heat 143 - 117 Atlanta Hawks,False,2026-05-31T15:58:28,,,,,,,,,,,,
2026-05-28T22:59:46,2026-04-12,nba,New York Knicks,Charlotte Hornets,New York Knicks,New York Knicks 120 - 106 Charlotte Hornets,Charlotte Hornets,Medium,"Model favors New York Knicks mainly because of recent form (+9.6 rating edge). | Model favors New York Knicks mainly because of home/away split (+2.1 rating edge). | Model favors New York Knicks mainly because of injury availability (+1.4 rating edge). | New York Knicks no confirmed injury records available; penalty 0.0 | Charlotte Hornets injury impact: team_injury_penalty=-1.4, missing_starters=0, top=Brandon Miller Out (0.7), PJ Hall Out (0.7) | home_elo=1683, away_elo=1636, elo_diff=+47, elo_win_probability=0.649 | home_momentum=WWWWW, away_momentum=LLWWW, momentum_score_edge=+11.0 | home_fatigue_score=0.0, away_fatigue_score=0.6, rest_advantage=+0.6, travel_penalty_home=0.0, travel_penalty_away=0.6 | home_advantage_score=2.1 | confidence_cap=0.70, upset_risk_score=0.18 | AI analysis: model leans New York Knicks after combining Elo, form, availability, rest, and venue context. | home_elo=1683, away_elo=1636, elo_diff=+47, elo_win_probability=0.649 | home_momentum=WWWWW, away_momentum=LLWWW, momentum_score_edge=+11.0 | home_fatigue_score=0.0, away_fatigue_score=0.6, rest_advantage=+0.6, travel_penalty_home=0.0, travel_penalty_away=0.6 | home_advantage_score=2.1 | Main risk: favorite_risk_reason=Elo gap is not large enough for high confidence.","Charlotte Hornets injury penalty -1.4. | favorite_risk_reason=Charlotte Hornets has upset profile: healthy and recent form is strong. | confidence_cap=0.72, upset_risk_score=0.12. | WARNING: missing injury data for New York Knicks | Charlotte Hornets injury API failed; using injury_cache.csv fallback | favorite_risk_reason=Elo gap is not large enough for high confidence.",2026-04-12,New York Knicks 96 - 110 Charlotte Hornets,False,2026-05-31T15:58:28,,,,,,,,,,,,
2026-05-28T22:59:46,2026-04-12,nba,Philadelphia 76ers,Milwaukee Bucks,Philadelphia 76ers,Philadelphia 76ers 124 - 100 Milwaukee Bucks,Philadelphia 76ers,Medium,"Model favors Philadelphia 76ers mainly because of injury availability (+15.9 rating edge). | Model favors Philadelphia 76ers mainly because of home/away split (+6.4 rating edge). | Model favors Philadelphia 76ers mainly because of team strength (+6.2 rating edge). | Philadelphia 76ers no confirmed injury records available; penalty 0.0 | Milwaukee Bucks injury impact: team_injury_penalty=-11.9, missing_starters=1, top=Giannis Antetokounmpo Out (6.3), Pete Nance Out (0.7), Gary Harris Out (0.7) | home_elo=1541, away_elo=1329, elo_diff=+212, elo_win_probability=0.827 | home_momentum=WLLLW, away_momentum=WLLWL, momentum_score_edge=-0.7 | home_fatigue_score=0.7, away_fatigue_score=0.8, rest_advantage=+0.1, travel_penalty_home=0.7, travel_penalty_away=0.8 | home_advantage_score=2.1 | confidence_cap=0.70, upset_risk_score=0.16 | AI analysis: model leans Philadelphia 76ers after combining Elo, form, availability, rest, and venue context. | home_elo=1541, away_elo=1329, elo_diff=+212, elo_win_probability=0.827 | home_momentum=WLLLW, away_momentum=WLLWL, momentum_score_edge=-0.7 | home_fatigue_score=0.7, away_fatigue_score=0.8, rest_advantage=+0.1, travel_penalty_home=0.7, travel_penalty_away=0.8 | home_advantage_score=2.1 | Main risk: Milwaukee Bucks has high injury impact (-11.9).","Milwaukee Bucks injury penalty -15.9. | favorite_risk_reason=Philadelphia 76ers has unstable recent momentum. | confidence_cap=0.70, upset_risk_score=0.16. | WARNING: missing injury data for Philadelphia 76ers | Milwaukee Bucks injury API failed; using injury_cache.csv fallback | Milwaukee Bucks missing_starters=1 | Milwaukee Bucks has high injury impact (-11.9). | favorite_risk_reason=Philadelphia 76ers has unstable momentum.",2026-04-12,Philadelphia 76ers 126 - 106 Milwaukee Bucks,True,2026-05-31T15:58:28,,,,,,,,,,,,
2026-05-28T22:59:46,2026-04-12,nba,Toronto Raptors,Brooklyn Nets,Toronto Raptors,Toronto Raptors 124 - 93 Brooklyn Nets,Toronto Raptors,Medium,"Model favors Toronto Raptors mainly because of team strength (+13.8 rating edge). | Model favors Toronto Raptors mainly because of home/away split (+9.0 rating edge). | Model favors Toronto Raptors mainly because of recent form (+8.4 rating edge). | Toronto Raptors injury impact: team_injury_penalty=-2.1, missing_starters=0, top=Brandon Ingram Out (0.7), Immanuel Quickley Out (0.7), Chucky Hepburn Out (0.7) | Brooklyn Nets injury impact: team_injury_penalty=-7.0, missing_starters=0, top=Nolan Traore Out (0.7), Nic Claxton Out (0.7), Ziaire Williams Out (0.7) | home_elo=1529, away_elo=1222, elo_diff=+307, elo_win_probability=0.892 | home_momentum=LWWLW, away_momentum=LLWWL, momentum_score_edge=+1.6 | home_fatigue_score=0.4, away_fatigue_score=0.5, rest_advantage=+0.1, travel_penalty_home=0.4, travel_penalty_away=0.5 | home_advantage_score=2.1 | confidence_cap=0.70, upset_risk_score=0.16 | AI analysis: model leans Toronto Raptors after combining Elo, form, availability, rest, and venue context. | home_elo=1529, away_elo=1222, elo_diff=+307, elo_win_probability=0.892 | home_momentum=LWWLW, away_momentum=LLWWL, momentum_score_edge=+1.6 | home_fatigue_score=0.4, away_fatigue_score=0.5, rest_advantage=+0.1, travel_penalty_home=0.4, travel_penalty_away=0.5 | home_advantage_score=2.1 | Main risk: Brooklyn Nets has high injury impact (-7.0).","Toronto Raptors injury penalty -2.1. | Brooklyn Nets injury penalty -7.0. | favorite_risk_reason=Toronto Raptors has unstable recent momentum. | confidence_cap=0.70, upset_risk_score=0.16. | Toronto Raptors injury API failed; using injury_cache.csv fallback | Brooklyn Nets injury API failed; using injury_cache.csv fallback | Brooklyn Nets has high injury impact (-7.0). | favorite_risk_reason=Toronto Raptors has unstable momentum.",2026-04-12,Toronto Raptors 136 - 101 Brooklyn Nets,True,2026-05-31T15:58:28,,,,,,,,,,,,
2026-05-28T22:59:46,2026-04-12,nba,Dallas Mavericks,Chicago Bulls,Chicago Bulls,Dallas Mavericks 114 - 117 Chicago Bulls,Dallas Mavericks,Low,"Model favors Chicago Bulls mainly because of recent form (+3.6 rating edge). | Model favors Chicago Bulls mainly because of team strength (+1.9 rating edge). | Model favors Chicago Bulls mainly because of home/away split (-1.7 rating edge). | Dallas Mavericks injury impact: team_injury_penalty=-9.7, missing_starters=1, top=Kyrie Irving Out (4.8), Cooper Flagg Out (0.7), Brandon Williams Out (0.7) | Chicago Bulls injury impact: team_injury_penalty=-7.0, missing_starters=0, top=Josh Giddey Out (0.7), Rob Dillingham Out (0.7), Isaac Okoro Out (0.7) | home_elo=1285, away_elo=1298, elo_diff=-13, elo_win_probability=0.567 | home_momentum=LLLWL, away_momentum=LWWLL, momentum_score_edge=-3.0 | home_fatigue_score=0.3, away_fatigue_score=0.9, rest_advantage=+0.6, travel_penalty_home=0.3, travel_penalty_away=0.9 | home_advantage_score=2.1 | confidence_cap=0.70, upset_risk_score=0.48 | AI analysis: model leans Chicago Bulls after combining Elo, form, availability, rest, and venue context. | home_elo=1285, away_elo=1298, elo_diff=-13, elo_win_probability=0.567 | home_momentum=LLLWL, away_momentum=LWWLL, momentum_score_edge=-3.0 | home_fatigue_score=0.3, away_fatigue_score=0.9, rest_advantage=+0.6, travel_penalty_home=0.3, travel_penalty_away=0.9 | home_advantage_score=2.1 | Main risk: Dallas Mavericks has high injury impact (-9.7).","Dallas Mavericks injury penalty -9.7. | Chicago Bulls injury penalty -10.0. | Win probability is close to 50/50, so confidence is naturally limited. | favorite_risk_reason=Chicago Bulls is an away favorite. | favorite_risk_reason=Chicago Bulls has unstable recent momentum. | favorite_risk_reason=rating edge is not large enough for high confidence. | confidence_cap=0.70, upset_risk_score=0.48. | Dallas Mavericks injury API failed; using injury_cache.csv fallback | Dallas Mavericks missing_starters=1 | Chicago Bulls injury API failed; using injury_cache.csv fallback | Dallas Mavericks has high injury impact (-9.7). | Chicago Bulls has high injury impact (-7.0). | favorite_risk_reason=Chicago Bulls is an away favorite. | favorite_risk_reason=Chicago Bulls has unstable momentum. | favorite_risk_reason=Elo gap is not large enough for high confidence.",2026-04-12,Dallas Mavericks 149 - 128 Chicago Bulls,False,2026-05-31T15:58:28,,,,,,,,,,,,
2026-05-28T22:59:46,2026-04-12,nba,Houston Rockets,Memphis Grizzlies,Houston Rockets,Houston Rockets 136 - 88 Memphis Grizzlies,Houston Rockets,Medium,"Model favors Houston Rockets mainly because of recent form (+31.2 rating edge). | Model favors Houston Rockets mainly because of team strength (+17.9 rating edge). | Model favors Houston Rockets mainly because of defense (+9.8 rating edge). | Houston Rockets injury impact: team_injury_penalty=-6.6, missing_starters=1, top=Kevin Durant Out (5.2), Steven Adams Out (0.7), Fred VanVleet Out (0.7) | Memphis Grizzlies injury impact: team_injury_penalty=-12.0, missing_starters=1, top=Ja Morant Out (5.0), Walter Clayton Jr. Out (0.7), Adama Bal Out (0.7) | home_elo=1625, away_elo=1162, elo_diff=+463, elo_win_probability=0.953 | home_momentum=LWWWW, away_momentum=LLLLL, momentum_score_edge=+6.1 | home_fatigue_score=0.0, away_fatigue_score=1.4, rest_advantage=+1.4, travel_penalty_home=0.0, travel_penalty_away=1.4 | home_advantage_score=2.1 | confidence_cap=0.68, upset_risk_score=0.40 | AI analysis: model leans Houston Rockets after combining Elo, form, availability, rest, and venue context. | home_elo=1625, away_elo=1162, elo_diff=+463, elo_win_probability=0.953 | home_momentum=LWWWW, away_momentum=LLLLL, momentum_score_edge=+6.1 | home_fatigue_score=0.0, away_fatigue_score=1.4, rest_advantage=+1.4, travel_penalty_home=0.0, travel_penalty_away=1.4 | home_advantage_score=2.1 | Main risk: Houston Rockets has high injury impact (-6.6).","Houston Rockets injury penalty -6.6. | Memphis Grizzlies injury penalty -13.4. | favorite_risk_reason=Houston Rockets has injury risk despite high favorite probability. | confidence_cap=0.68, upset_risk_score=0.24. | Houston Rockets injury API failed; using injury_cache.csv fallback | Houston Rockets missing_starters=1 | Memphis Grizzlies injury API failed; using injury_cache.csv fallback | Memphis Grizzlies missing_starters=1 | Houston Rockets has high injury impact (-6.6). | Memphis Grizzlies has high injury impact (-12.0). | favorite_risk_reason=Houston Rockets has injury risk despite high favorite probability. | favorite_risk_reason=Houston Rockets has unstable momentum.",2026-04-12,Houston Rockets 132 - 101 Memphis Grizzlies,True,2026-05-31T15:58:28,,,,,,,,,,,,
2026-05-28T22:59:46,2026-04-12,nba,Minnesota Timberwolves,New Orleans Pelicans,Minnesota Timberwolves,Minnesota Timberwolves 125 - 105 New Orleans Pelicans,Minnesota Timberwolves,Medium,"Model favors Minnesota Timberwolves mainly because of recent form (+13.2 rating edge). | Model favors Minnesota Timberwolves mainly because of defense (+6.6 rating edge). | Model favors Minnesota Timberwolves mainly because of home/away split (+5.4 rating edge). | Minnesota Timberwolves injury impact: team_injury_penalty=-0.7, missing_starters=0, top=Donte DiVincenzo Out (0.7) | New Orleans Pelicans injury impact: team_injury_penalty=-4.2, missing_starters=0, top=Trey Murphy III Out (0.7), Dejounte Murray Out (0.7), Bryce McGowens Out (0.7) | home_elo=1552, away_elo=1387, elo_diff=+164, elo_win_probability=0.784 | home_momentum=WLWLL, away_momentum=LWLLL, momentum_score_edge=+2.0 | home_fatigue_score=1.2, away_fatigue_score=1.3, rest_advantage=+0.1, travel_penalty_home=1.2, travel_penalty_away=1.3 | home_advantage_score=2.1 | confidence_cap=0.70, upset_risk_score=0.16 | AI analysis: model leans Minnesota Timberwolves after combining Elo, form, availability, rest, and venue context. | home_elo=1552, away_elo=1387, elo_diff=+164, elo_win_probability=0.784 | home_momentum=WLWLL, away_momentum=LWLLL, momentum_score_edge=+2.0 | home_fatigue_score=1.2, away_fatigue_score=1.3, rest_advantage=+0.1, travel_penalty_home=1.2, travel_penalty_away=1.3 | home_advantage_score=2.1 | Main risk: favorite_risk_reason=Minnesota Timberwolves has unstable momentum.","Minnesota Timberwolves injury penalty -0.7. | New Orleans Pelicans injury penalty -4.2. | favorite_risk_reason=Minnesota Timberwolves has unstable recent momentum. | confidence_cap=0.70, upset_risk_score=0.16. | Minnesota Timberwolves injury API failed; using injury_cache.csv fallback | New Orleans Pelicans injury API failed; using injury_cache.csv fallback | favorite_risk_reason=Minnesota Timberwolves has unstable momentum.",2026-04-12,Minnesota Timberwolves 132 - 126 New Orleans Pelicans,True,2026-05-31T15:58:28,,,,,,,,,,,,
2026-05-28T22:59:46,2026-04-12,nba,Oklahoma City Thunder,Phoenix Suns,Oklahoma City Thunder,Oklahoma City Thunder 123 - 103 Phoenix Suns,Phoenix Suns,Medium,"Model favors Oklahoma City Thunder mainly because of recent form (+14.4 rating edge). | Model favors Oklahoma City Thunder mainly because of team strength (+10.3 rating edge). | Model favors Oklahoma City Thunder mainly because of home/away split (+6.0 rating edge). | Oklahoma City Thunder injury impact: team_injury_penalty=-5.4, missing_starters=1, top=Jalen Williams Out (4.0), Ajay Mitchell Out (0.7), Thomas Sorber Out (0.7) | Phoenix Suns injury impact: team_injury_penalty=-1.4, missing_starters=0, top=Jordan Goodwin Out (0.7), Mark Williams Out (0.7) | home_elo=1812, away_elo=1476, elo_diff=+336, elo_win_probability=0.907 | home_momentum=LWWWW, away_momentum=LWLWL, momentum_score_edge=+1.8 | home_fatigue_score=0.6, away_fatigue_score=1.4, rest_advantage=+0.8, travel_penalty_home=0.6, travel_penalty_away=1.4 | home_advantage_score=2.1 | confidence_cap=0.70, upset_risk_score=0.16 | AI analysis: model leans Oklahoma City Thunder after combining Elo, form, availability, rest, and venue context. | home_elo=1812, away_elo=1476, elo_diff=+336, elo_win_probability=0.907 | home_momentum=LWWWW, away_momentum=LWLWL, momentum_score_edge=+1.8 | home_fatigue_score=0.6, away_fatigue_score=1.4, rest_advantage=+0.8, travel_penalty_home=0.6, travel_penalty_away=1.4 | home_advantage_score=2.1 | Main risk: Oklahoma City Thunder has high injury impact (-5.4).","Oklahoma City Thunder injury penalty -6.4. | Phoenix Suns injury penalty -1.4. | favorite_risk_reason=Oklahoma City Thunder has injury risk despite high favorite probability. | confidence_cap=0.68, upset_risk_score=0.24. | Oklahoma City Thunder injury API failed; using injury_cache.csv fallback | Oklahoma City Thunder missing_starters=1 | Phoenix Suns injury API failed; using injury_cache.csv fallback | Oklahoma City Thunder has high injury impact (-5.4). | favorite_risk_reason=Oklahoma City Thunder has unstable momentum.",2026-04-12,Oklahoma City Thunder 103 - 135 Phoenix Suns,False,2026-05-31T15:58:28,,,,,,,,,,,,
2026-05-28T22:59:46,2026-04-12,nba,San Antonio Spurs,Denver Nuggets,San Antonio Spurs,San Antonio Spurs 127 - 116 Denver Nuggets,Denver Nuggets,Medium,"Model favors San Antonio Spurs mainly because of team strength (+9.0 rating edge). | Model favors San Antonio Spurs mainly because of home/away split (+6.9 rating edge). | Model favors San Antonio Spurs mainly because of defense (+6.7 rating edge). | San Antonio Spurs injury impact: team_injury_penalty=-0.7, missing_starters=0, top=David Jones Garcia Out (0.7) | Denver Nuggets injury impact: team_injury_penalty=-3.7, missing_starters=1, top=Aaron Gordon Out (3.0), Peyton Watson Out (0.7) | home_elo=1856, away_elo=1712, elo_diff=+144, elo_win_probability=0.764 | home_momentum=WWWLW, away_momentum=WWWWW, momentum_score_edge=-3.3 | home_fatigue_score=0.0, away_fatigue_score=0.9, rest_advantage=+0.9, travel_penalty_home=0.0, travel_penalty_away=0.9 | home_advantage_score=2.1 | confidence_cap=0.80, upset_risk_score=0.00 | AI analysis: model leans San Antonio Spurs after combining Elo, form, availability, rest, and venue context. | home_elo=1856, away_elo=1712, elo_diff=+144, elo_win_probability=0.764 | home_momentum=WWWLW, away_momentum=WWWWW, momentum_score_edge=-3.3 | home_fatigue_score=0.0, away_fatigue_score=0.9, rest_advantage=+0.9, travel_penalty_home=0.0, travel_penalty_away=0.9 | home_advantage_score=2.1","San Antonio Spurs injury penalty -0.7. | Denver Nuggets injury penalty -3.7. | confidence_cap=0.80, upset_risk_score=0.00. | San Antonio Spurs injury API failed; using injury_cache.csv fallback | Denver Nuggets injury API failed; using injury_cache.csv fallback | Denver Nuggets missing_starters=1",2026-04-12,San Antonio Spurs 118 - 128 Denver Nuggets,False,2026-05-31T15:58:28,,,,,,,,,,,,
2026-05-28T22:59:46,2026-04-12,nba,Los Angeles Lakers,Utah Jazz,Los Angeles Lakers,Los Angeles Lakers 130 - 103 Utah Jazz,Los Angeles Lakers,Medium,"Model favors Los Angeles Lakers mainly because of team strength (+18.5 rating edge). | Model favors Los Angeles Lakers mainly because of recent form (+15.6 rating edge). | Model favors Los Angeles Lakers mainly because of defense (+12.1 rating edge). | Los Angeles Lakers injury impact: team_injury_penalty=-6.5, missing_starters=1, top=Luka Doncic Out (6.5) | Utah Jazz injury impact: team_injury_penalty=-5.6, missing_starters=0, top=Isaiah Collier Out (0.7), Kyle Filipowski Out (0.7), Elijah Harkless Out (0.7) | home_elo=1671, away_elo=1200, elo_diff=+471, elo_win_probability=0.955 | home_momentum=WWLLL, away_momentum=WLLLL, momentum_score_edge=+0.2 | home_fatigue_score=0.0, away_fatigue_score=0.7, rest_advantage=+0.7, travel_penalty_home=0.0, travel_penalty_away=0.7 | home_advantage_score=2.2 | confidence_cap=0.80, upset_risk_score=0.00 | AI analysis: model leans Los Angeles Lakers after combining Elo, form, availability, rest, and venue context. | home_elo=1671, away_elo=1200, elo_diff=+471, elo_win_probability=0.955 | home_momentum=WWLLL, away_momentum=WLLLL, momentum_score_edge=+0.2 | home_fatigue_score=0.0, away_fatigue_score=0.7, rest_advantage=+0.7, travel_penalty_home=0.0, travel_penalty_away=0.7 | home_advantage_score=2.2 | Main risk: Los Angeles Lakers has high injury impact (-6.5).","Los Angeles Lakers injury penalty -6.5. | Utah Jazz injury penalty -5.6. | favorite_risk_reason=Los Angeles Lakers has injury risk despite high favorite probability. | favorite_risk_reason=Los Angeles Lakers has unstable recent momentum. | confidence_cap=0.68, upset_risk_score=0.40. | Los Angeles Lakers injury API failed; using injury_cache.csv fallback | Los Angeles Lakers missing_starters=1 | Utah Jazz injury API failed; using injury_cache.csv fallback | Los Angeles Lakers has high injury impact (-6.5). | Utah Jazz has high injury impact (-5.6).",2026-04-12,Los Angeles Lakers 131 - 107 Utah Jazz,True,2026-05-31T15:58:28,,,,,,,,,,,,
2026-05-28T22:59:46,2026-04-12,nba,Los Angeles Clippers,Golden State Warriors,Los Angeles Clippers,Los Angeles Clippers 121 - 104 Golden State Warriors,,Medium,"Model favors Los Angeles Clippers mainly because of recent form (+8.4 rating edge). | Model favors Los Angeles Clippers mainly because of team strength (+8.0 rating edge). | Model favors Los Angeles Clippers mainly because of injury availability (+5.5 rating edge). | Los Angeles Clippers injury impact: team_injury_penalty=-1.4, missing_starters=0, top=Yanic Konan Niederhauser Out (0.7), Bradley Beal Out (0.7) | Golden State Warriors injury impact: team_injury_penalty=-6.9, missing_starters=1, top=Jimmy Butler III Out (4.8), Quinten Post Out (0.7), LJ Cryer Out (0.7) | home_elo=1500, away_elo=1352, elo_diff=+148, elo_win_probability=0.768 | home_momentum=LLWWL, away_momentum=LLWLL, momentum_score_edge=-0.8 | home_fatigue_score=1.0, away_fatigue_score=0.4, rest_advantage=-0.5, travel_penalty_home=1.0, travel_penalty_away=0.4 | home_advantage_score=2.1 | confidence_cap=0.70, upset_risk_score=0.16 | AI analysis: model leans Los Angeles Clippers after combining Elo, form, availability, rest, and venue context. | home_elo=1500, away_elo=1352, elo_diff=+148, elo_win_probability=0.768 | home_momentum=LLWWL, away_momentum=LLWLL, momentum_score_edge=-0.8 | home_fatigue_score=1.0, away_fatigue_score=0.4, rest_advantage=-0.5, travel_penalty_home=1.0, travel_penalty_away=0.4 | home_advantage_score=2.1 | Main risk: Golden State Warriors has high injury impact (-6.9).","Los Angeles Clippers injury penalty -1.4. | Golden State Warriors injury penalty -6.9. | favorite_risk_reason=Los Angeles Clippers has unstable recent momentum. | confidence_cap=0.70, upset_risk_score=0.16. | Los Angeles Clippers injury API failed; using injury_cache.csv fallback | Golden State Warriors injury API failed; using injury_cache.csv fallback | Golden State Warriors missing_starters=1 | Golden State Warriors has high injury impact (-6.9). | favorite_risk_reason=Los Angeles Clippers has unstable momentum.",2026-04-12,,,,,,,,,,,,,,,
2026-05-28T22:59:46,2026-04-12,nba,Portland Trail Blazers,Sacramento Kings,Portland Trail Blazers,Portland Trail Blazers 126 - 98 Sacramento Kings,Portland Trail Blazers,Medium,"Model favors Portland Trail Blazers mainly because of team strength (+11.3 rating edge). | Model favors Portland Trail Blazers mainly because of injury availability (+8.7 rating edge). | Model favors Portland Trail Blazers mainly because of home/away split (+8.5 rating edge). | Portland Trail Blazers injury impact: team_injury_penalty=-0.7, missing_starters=0, top=Damian Lillard Out (0.7) | Sacramento Kings injury impact: team_injury_penalty=-9.4, missing_starters=1, top=Zach LaVine Out (3.8), Keegan Murray Out (0.7), Isaiah Stevens Out (0.7) | home_elo=1558, away_elo=1335, elo_diff=+223, elo_win_probability=0.836 | home_momentum=WLLWW, away_momentum=WLLWW, momentum_score_edge=-1.1 | home_fatigue_score=0.0, away_fatigue_score=0.6, rest_advantage=+0.6, travel_penalty_home=0.0, travel_penalty_away=0.6 | home_advantage_score=2.1 | confidence_cap=0.70, upset_risk_score=0.16 | AI analysis: model leans Portland Trail Blazers after combining Elo, form, availability, rest, and venue context. | home_elo=1558, away_elo=1335, elo_diff=+223, elo_win_probability=0.836 | home_momentum=WLLWW, away_momentum=WLLWW, momentum_score_edge=-1.1 | home_fatigue_score=0.0, away_fatigue_score=0.6, rest_advantage=+0.6, travel_penalty_home=0.0, travel_penalty_away=0.6 | home_advantage_score=2.1 | Main risk: Sacramento Kings has high injury impact (-9.4).","Portland Trail Blazers injury penalty -0.7. | Sacramento Kings injury penalty -9.4. | favorite_risk_reason=Portland Trail Blazers has unstable recent momentum. | confidence_cap=0.70, upset_risk_score=0.16. | Portland Trail Blazers injury API failed; using injury_cache.csv fallback | Sacramento Kings injury API failed; using injury_cache.csv fallback | Sacramento Kings missing_starters=1 | Sacramento Kings has high injury impact (-9.4). | favorite_risk_reason=Portland Trail Blazers has unstable momentum.",2026-04-12,Portland Trail Blazers 122 - 110 Sacramento Kings,True,2026-05-31T15:58:29,,,,,,,,,,,,
2026-05-28T23:03:52,2026-05-28,football,Mexico,South Africa,Mexico,Mexico 2 - 1 South Africa,,Low,"Mexico recent goals for 1.20, against 1.20 | South Africa recent goals for 1.20, against 0.90 | FIFA rank edge feature +0.44 | home_elo=1662, away_elo=1587, elo_diff=+76, elo_win_probability=0.660 | home_momentum=DDWWW, away_momentum=LDWWD, momentum_score_edge=+1.6 | home_advantage_score=0.28 | draw_probability=0.275, draw_risk=0.464, predicted_result=HOME_WIN | AI analysis: model leans Mexico after combining Elo, form, availability, rest, and venue context. | home_momentum=DDWWW, away_momentum=LDWWD, momentum_score_edge=+1.6 | home_advantage_score=0.28 | draw_probability=0.275, draw_risk=0.464, predicted_result=HOME_WIN",No major data completeness risks detected.,2026-05-28,,,,,,,,,,,,,,,
2026-05-28T23:03:52,2026-05-28,football,United States,Belgium,Belgium,United States 1 - 2 Belgium,,Low,"United States recent goals for 1.55, against 1.60 | Belgium recent goals for 1.70, against 0.85 | FIFA rank edge feature -0.08 | home_elo=1642, away_elo=1775, elo_diff=-133, elo_win_probability=0.369 | home_momentum=LLWWW, away_momentum=DWWWD, momentum_score_edge=-1.7 | home_advantage_score=0.22 | draw_probability=0.255, draw_risk=0.364, predicted_result=AWAY_WIN | AI analysis: model leans Belgium after combining Elo, form, availability, rest, and venue context. | home_momentum=LLWWW, away_momentum=DWWWD, momentum_score_edge=-1.7 | home_advantage_score=0.22 | draw_probability=0.255, draw_risk=0.364, predicted_result=AWAY_WIN",No major data completeness risks detected.,2026-05-28,,,,,,,,,,,,,,,
2026-05-29T20:42:03,2026-05-29,football,Mexico,South Africa,Mexico,Mexico 2 - 1 South Africa,,Low,"Mexico recent goals for 1.20, against 1.20 | South Africa recent goals for 1.20, against 0.90 | FIFA rank edge feature +0.44 | home_elo=1662, away_elo=1587, elo_diff=+76, elo_win_probability=0.660 | home_momentum=DDWWW, away_momentum=LDWWD, momentum_score_edge=+1.6 | home_advantage_score=0.28 | draw_probability=0.275, draw_risk=0.464, predicted_result=HOME_WIN | AI analysis: model leans Mexico after combining Elo, form, availability, rest, and venue context. | home_momentum=DDWWW, away_momentum=LDWWD, momentum_score_edge=+1.6 | home_advantage_score=0.28 | draw_probability=0.275, draw_risk=0.464, predicted_result=HOME_WIN",No major data completeness risks detected.,2026-05-29,,,,2026-05-29T20:42:03,Mexico vs South Africa,Mexico,0.5396,0.1855,0.275,v1.0.0,0.5396,highest_confidence|best_value|draw_watch,,,
2026-05-29T20:42:03,2026-05-29,football,United States,Belgium,Belgium,United States 1 - 2 Belgium,,Low,"United States recent goals for 1.55, against 1.60 | Belgium recent goals for 1.70, against 0.85 | FIFA rank edge feature -0.08 | home_elo=1642, away_elo=1775, elo_diff=-133, elo_win_probability=0.369 | home_momentum=LLWWW, away_momentum=DWWWD, momentum_score_edge=-1.7 | home_advantage_score=0.22 | draw_probability=0.255, draw_risk=0.364, predicted_result=AWAY_WIN | AI analysis: model leans Belgium after combining Elo, form, availability, rest, and venue context. | home_momentum=LLWWW, away_momentum=DWWWD, momentum_score_edge=-1.7 | home_advantage_score=0.22 | draw_probability=0.255, draw_risk=0.364, predicted_result=AWAY_WIN",No major data completeness risks detected.,2026-05-29,,,,2026-05-29T20:42:03,United States vs Belgium,Belgium,0.2974,0.4477,0.2549,v1.0.0,0.4477,highest_confidence|best_value|upset_watch|draw_watch,,,
2026-05-30T14:38:40,2026-05-31,football,Mexico,South Africa,Mexico,Mexico 2 - 1 South Africa,,Low,"Mexico recent goals for 1.20, against 1.20 | South Africa recent goals for 1.20, against 0.90 | FIFA rank edge feature +0.44 | home_elo=1662, away_elo=1587, elo_diff=+76, elo_win_probability=0.660 | home_momentum=DDWWW, away_momentum=LDWWD, momentum_score_edge=+1.6 | home_advantage_score=0.28 | draw_probability=0.275, draw_risk=0.464, predicted_result=HOME_WIN | AI analysis: model leans Mexico after combining Elo, form, availability, rest, and venue context. | home_momentum=DDWWW, away_momentum=LDWWD, momentum_score_edge=+1.6 | home_advantage_score=0.28 | draw_probability=0.275, draw_risk=0.464, predicted_result=HOME_WIN",No major data completeness risks detected.,2026-05-31,,,,2026-05-30T14:38:40,Mexico vs South Africa,Mexico,0.5396,0.1855,0.275,v1.0.0,,,manual_input,,
2026-05-30T14:38:42,2026-05-31,nba,Los Angeles Lakers,Golden State Warriors,Los Angeles Lakers,Los Angeles Lakers 109 - 102 Golden State Warriors,,Medium,"Model favors Los Angeles Lakers mainly because of team strength (+10.6 rating edge). | Model favors Los Angeles Lakers mainly because of defense (+6.8 rating edge). | Model favors Los Angeles Lakers mainly because of home/away split (+6.5 rating edge). | Los Angeles Lakers injury impact: team_injury_penalty=-6.5, missing_starters=1, top=Luka Doncic Out (6.5) | Golden State Warriors injury impact: team_injury_penalty=-6.9, missing_starters=1, top=Jimmy Butler III Out (4.8), Quinten Post Out (0.7), LJ Cryer Out (0.7) | home_elo=1627, away_elo=1343, elo_diff=+284, elo_win_probability=0.879 | home_momentum=LLLLW, away_momentum=LLLWL, momentum_score_edge=-1.9 | home_fatigue_score=-2.0, away_fatigue_score=-2.0, rest_advantage=+0.0, travel_penalty_home=0.0, travel_penalty_away=0.0 | home_advantage_score=2.2 | confidence_cap=0.70, upset_risk_score=0.16 | AI analysis: model leans Los Angeles Lakers after combining Elo, form, availability, rest, and venue context. | home_elo=1627, away_elo=1343, elo_diff=+284, elo_win_probability=0.879 | home_momentum=LLLLW, away_momentum=LLLWL, momentum_score_edge=-1.9 | home_fatigue_score=-2.0, away_fatigue_score=-2.0, rest_advantage=+0.0, travel_penalty_home=0.0, travel_penalty_away=0.0 | home_advantage_score=2.2 | Main risk: Los Angeles Lakers has high injury impact (-6.5).","Los Angeles Lakers injury penalty -6.5. | Golden State Warriors injury penalty -6.9. | favorite_risk_reason=Los Angeles Lakers has injury risk despite high favorite probability. | confidence_cap=0.68, upset_risk_score=0.24. | Los Angeles Lakers injury API failed; using injury_cache.csv fallback | Los Angeles Lakers missing_starters=1 | Golden State Warriors injury API failed; using injury_cache.csv fallback | Golden State Warriors missing_starters=1 | Los Angeles Lakers has high injury impact (-6.5). | Golden State Warriors has high injury impact (-6.9). | favorite_risk_reason=Los Angeles Lakers has unstable momentum.",2026-05-31,,,,2026-05-30T14:38:42,Golden State Warriors at Los Angeles Lakers,Los Angeles Lakers,0.6881,0.3119,,v1.0.0,,,manual_input,,
2026-05-30T14:39:19,2026-05-31,football,Mexico,South Africa,Mexico,Mexico 2 - 1 South Africa,,Low,"Mexico recent goals for 1.20, against 1.20 | South Africa recent goals for 1.20, against 0.90 | FIFA rank edge feature +0.44 | home_elo=1662, away_elo=1587, elo_diff=+76, elo_win_probability=0.660 | home_momentum=DDWWW, away_momentum=LDWWD, momentum_score_edge=+1.6 | home_advantage_score=0.28 | draw_probability=0.275, draw_risk=0.464, predicted_result=HOME_WIN | AI analysis: model leans Mexico after combining Elo, form, availability, rest, and venue context. | home_momentum=DDWWW, away_momentum=LDWWD, momentum_score_edge=+1.6 | home_advantage_score=0.28 | draw_probability=0.275, draw_risk=0.464, predicted_result=HOME_WIN",No major data completeness risks detected.,2026-05-31,,,,2026-05-30T14:39:19,Mexico vs South Africa,Mexico,0.5396,0.1855,0.275,v1.0.0,,,manual_input,0.5396,0.1855
2026-05-30T14:39:21,2026-05-31,nba,Los Angeles Lakers,Golden State Warriors,Los Angeles Lakers,Los Angeles Lakers 109 - 102 Golden State Warriors,,Medium,"Model favors Los Angeles Lakers mainly because of team strength (+10.6 rating edge). | Model favors Los Angeles Lakers mainly because of defense (+6.8 rating edge). | Model favors Los Angeles Lakers mainly because of home/away split (+6.5 rating edge). | Los Angeles Lakers injury impact: team_injury_penalty=-6.5, missing_starters=1, top=Luka Doncic Out (6.5) | Golden State Warriors injury impact: team_injury_penalty=-6.9, missing_starters=1, top=Jimmy Butler III Out (4.8), Quinten Post Out (0.7), LJ Cryer Out (0.7) | home_elo=1627, away_elo=1343, elo_diff=+284, elo_win_probability=0.879 | home_momentum=LLLLW, away_momentum=LLLWL, momentum_score_edge=-1.9 | home_fatigue_score=-2.0, away_fatigue_score=-2.0, rest_advantage=+0.0, travel_penalty_home=0.0, travel_penalty_away=0.0 | home_advantage_score=2.2 | confidence_cap=0.70, upset_risk_score=0.16 | AI analysis: model leans Los Angeles Lakers after combining Elo, form, availability, rest, and venue context. | home_elo=1627, away_elo=1343, elo_diff=+284, elo_win_probability=0.879 | home_momentum=LLLLW, away_momentum=LLLWL, momentum_score_edge=-1.9 | home_fatigue_score=-2.0, away_fatigue_score=-2.0, rest_advantage=+0.0, travel_penalty_home=0.0, travel_penalty_away=0.0 | home_advantage_score=2.2 | Main risk: Los Angeles Lakers has high injury impact (-6.5).","Los Angeles Lakers injury penalty -6.5. | Golden State Warriors injury penalty -6.9. | favorite_risk_reason=Los Angeles Lakers has injury risk despite high favorite probability. | confidence_cap=0.68, upset_risk_score=0.24. | Los Angeles Lakers injury API failed; using injury_cache.csv fallback | Los Angeles Lakers missing_starters=1 | Golden State Warriors injury API failed; using injury_cache.csv fallback | Golden State Warriors missing_starters=1 | Los Angeles Lakers has high injury impact (-6.5). | Golden State Warriors has high injury impact (-6.9). | favorite_risk_reason=Los Angeles Lakers has unstable momentum.",2026-05-31,,,,2026-05-30T14:39:21,Golden State Warriors at Los Angeles Lakers,Los Angeles Lakers,0.6881,0.3119,,v1.0.0,,,manual_input,0.6881,0.3119
2026-05-30T14:41:50,2026-05-31,nba,Los Angeles Lakers,Golden State Warriors,Los Angeles Lakers,Los Angeles Lakers 109 - 102 Golden State Warriors,,Medium,"Model favors Los Angeles Lakers mainly because of team strength (+10.6 rating edge). | Model favors Los Angeles Lakers mainly because of defense (+6.8 rating edge). | Model favors Los Angeles Lakers mainly because of home/away split (+6.5 rating edge). | Los Angeles Lakers injury impact: team_injury_penalty=-6.5, missing_starters=1, top=Luka Doncic Out (6.5) | Golden State Warriors injury impact: team_injury_penalty=-6.9, missing_starters=1, top=Jimmy Butler III Out (4.8), Quinten Post Out (0.7), LJ Cryer Out (0.7) | home_elo=1627, away_elo=1343, elo_diff=+284, elo_win_probability=0.879 | home_momentum=LLLLW, away_momentum=LLLWL, momentum_score_edge=-1.9 | home_fatigue_score=-2.0, away_fatigue_score=-2.0, rest_advantage=+0.0, travel_penalty_home=0.0, travel_penalty_away=0.0 | home_advantage_score=2.2 | confidence_cap=0.70, upset_risk_score=0.16 | AI analysis: model leans Los Angeles Lakers after combining Elo, form, availability, rest, and venue context. | home_elo=1627, away_elo=1343, elo_diff=+284, elo_win_probability=0.879 | home_momentum=LLLLW, away_momentum=LLLWL, momentum_score_edge=-1.9 | home_fatigue_score=-2.0, away_fatigue_score=-2.0, rest_advantage=+0.0, travel_penalty_home=0.0, travel_penalty_away=0.0 | home_advantage_score=2.2 | Main risk: Los Angeles Lakers has high injury impact (-6.5).","Los Angeles Lakers injury penalty -6.5. | Golden State Warriors injury penalty -6.9. | favorite_risk_reason=Los Angeles Lakers has injury risk despite high favorite probability. | confidence_cap=0.68, upset_risk_score=0.24. | Los Angeles Lakers injury API failed; using injury_cache.csv fallback | Los Angeles Lakers missing_starters=1 | Golden State Warriors injury API failed; using injury_cache.csv fallback | Golden State Warriors missing_starters=1 | Los Angeles Lakers has high injury impact (-6.5). | Golden State Warriors has high injury impact (-6.9). | favorite_risk_reason=Los Angeles Lakers has unstable momentum.",2026-05-31,,,,2026-05-30T14:41:50,Golden State Warriors at Los Angeles Lakers,Los Angeles Lakers,0.6881,0.3119,,v1.0.0,,,manual_input,0.6881,0.3119
2026-05-30T14:42:32,2026-05-30,football,India,Zimbabwe,Zimbabwe,India 1 - 2 Zimbabwe,,Low,"India recent goals for 1.00, against 1.50 | Zimbabwe recent goals for 1.00, against 0.95 | FIFA rank edge feature +0.00 | home_elo=1388, away_elo=1508, elo_diff=-120, elo_win_probability=0.387 | home_momentum=LWDDL, away_momentum=WLDLD, momentum_score_edge=-0.9 | home_advantage_score=0.12 | draw_probability=0.335, draw_risk=0.767, predicted_result=AWAY_WIN | AI analysis: model leans Zimbabwe after combining Elo, form, availability, rest, and venue context. | home_momentum=LWDDL, away_momentum=WLDLD, momentum_score_edge=-0.9 | home_advantage_score=0.12 | draw_probability=0.335, draw_risk=0.767, predicted_result=AWAY_WIN",No major data completeness risks detected.,2026-05-30,,,,2026-05-30T14:42:32,India vs Zimbabwe,Zimbabwe,0.297,0.3677,0.3353,v1.0.0,0.3677,upset_watch|draw_watch,live_api,0.297,0.3677
2026-05-30T14:43:09,2026-05-31,nba,Los Angeles Lakers,Golden State Warriors,Los Angeles Lakers,Los Angeles Lakers 109 - 102 Golden State Warriors,,Medium,"Model favors Los Angeles Lakers mainly because of team strength (+10.6 rating edge). | Model favors Los Angeles Lakers mainly because of defense (+6.8 rating edge). | Model favors Los Angeles Lakers mainly because of home/away split (+6.5 rating edge). | Los Angeles Lakers injury impact: team_injury_penalty=-6.5, missing_starters=1, top=Luka Doncic Out (6.5) | Golden State Warriors injury impact: team_injury_penalty=-6.9, missing_starters=1, top=Jimmy Butler III Out (4.8), Quinten Post Out (0.7), LJ Cryer Out (0.7) | home_elo=1627, away_elo=1343, elo_diff=+284, elo_win_probability=0.879 | home_momentum=LLLLW, away_momentum=LLLWL, momentum_score_edge=-1.9 | home_fatigue_score=-2.0, away_fatigue_score=-2.0, rest_advantage=+0.0, travel_penalty_home=0.0, travel_penalty_away=0.0 | home_advantage_score=2.2 | confidence_cap=0.70, upset_risk_score=0.16 | AI analysis: model leans Los Angeles Lakers after combining Elo, form, availability, rest, and venue context. | home_elo=1627, away_elo=1343, elo_diff=+284, elo_win_probability=0.879 | home_momentum=LLLLW, away_momentum=LLLWL, momentum_score_edge=-1.9 | home_fatigue_score=-2.0, away_fatigue_score=-2.0, rest_advantage=+0.0, travel_penalty_home=0.0, travel_penalty_away=0.0 | home_advantage_score=2.2 | Main risk: Los Angeles Lakers has high injury impact (-6.5).","Los Angeles Lakers injury penalty -6.5. | Golden State Warriors injury penalty -6.9. | favorite_risk_reason=Los Angeles Lakers has injury risk despite high favorite probability. | confidence_cap=0.68, upset_risk_score=0.24. | Los Angeles Lakers injury API failed; using injury_cache.csv fallback | Los Angeles Lakers missing_starters=1 | Golden State Warriors injury API failed; using injury_cache.csv fallback | Golden State Warriors missing_starters=1 | Los Angeles Lakers has high injury impact (-6.5). | Golden State Warriors has high injury impact (-6.9). | favorite_risk_reason=Los Angeles Lakers has unstable momentum.",2026-05-31,,,,2026-05-30T14:43:09,Golden State Warriors at Los Angeles Lakers,Los Angeles Lakers,0.6881,0.3119,,v1.0.0,,,manual_input,0.6881,0.3119
2026-05-30T15:57:04,2026-05-30,nba,Oklahoma City Thunder,San Antonio Spurs,Oklahoma City Thunder,Oklahoma City Thunder 116 - 114 San Antonio Spurs,,Low,"Model favors Oklahoma City Thunder mainly because of recent form (+6.0 rating edge). | Model favors Oklahoma City Thunder mainly because of injury availability (-5.7 rating edge). | Model favors Oklahoma City Thunder mainly because of home/away split (+4.2 rating edge). | Oklahoma City Thunder injury impact: team_injury_penalty=-5.4, missing_starters=1, top=Jalen Williams Out (4.0), Ajay Mitchell Out (0.7), Thomas Sorber Out (0.7) | San Antonio Spurs injury impact: team_injury_penalty=-0.7, missing_starters=0, top=David Jones Garcia Out (0.7) | home_elo=1857, away_elo=1856, elo_diff=+1, elo_win_probability=0.587 | home_momentum=LWLWW, away_momentum=WLWLL, momentum_score_edge=-2.9 | home_fatigue_score=0.5, away_fatigue_score=0.5, rest_advantage=+0.0, travel_penalty_home=0.5, travel_penalty_away=0.5 | home_advantage_score=2.1 | confidence_cap=0.70, upset_risk_score=0.34 | AI analysis: model leans Oklahoma City Thunder after combining Elo, form, availability, rest, and venue context. | home_elo=1857, away_elo=1856, elo_diff=+1, elo_win_probability=0.587 | home_momentum=LWLWW, away_momentum=WLWLL, momentum_score_edge=-2.9 | home_fatigue_score=0.5, away_fatigue_score=0.5, rest_advantage=+0.0, travel_penalty_home=0.5, travel_penalty_away=0.5 | home_advantage_score=2.1 | Main risk: Oklahoma City Thunder has high injury impact (-5.4).","Oklahoma City Thunder injury penalty -6.4. | San Antonio Spurs injury penalty -0.7. | favorite_risk_reason=Oklahoma City Thunder has unstable recent momentum. | favorite_risk_reason=rating edge is not large enough for high confidence. | confidence_cap=0.70, upset_risk_score=0.34. | Oklahoma City Thunder injury API failed; using injury_cache.csv fallback | Oklahoma City Thunder missing_starters=1 | San Antonio Spurs injury API failed; using injury_cache.csv fallback | Oklahoma City Thunder has high injury impact (-5.4). | favorite_risk_reason=Oklahoma City Thunder has unstable momentum. | favorite_risk_reason=Elo gap is not large enough for high confidence.",2026-05-30,,,,2026-05-30T15:57:04,San Antonio Spurs at Oklahoma City Thunder,Oklahoma City Thunder,0.5096,0.4904,,v1.0.0,0.5096,upset_watch|injury_risk,live_api,0.5096,0.4904
2026-05-30T15:57:04,2026-05-30,football,Scotland,Curacao,Draw,Scotland 1 - 1 Curacao,,Low,"Scotland recent goals for 1.00, against 1.80 | Curacao recent goals for 1.20, against 1.20 | FIFA rank edge feature +0.00 | home_elo=1509, away_elo=1500, elo_diff=+9, elo_win_probability=0.570 | home_momentum=LLWLD, away_momentum=-----, momentum_score_edge=-0.4 | home_advantage_score=0.12 | draw_probability=0.372, draw_risk=0.974, predicted_result=DRAW | AI analysis: model leans Draw after combining Elo, form, availability, rest, and venue context. | home_momentum=LLWLD, away_momentum=-----, momentum_score_edge=-0.4 | home_advantage_score=0.12 | draw_probability=0.372, draw_risk=0.974, predicted_result=DRAW | Main risk: WARNING: missing data for Curacao: only 0 historical matches",WARNING: missing data for Curacao: only 0 historical matches,2026-05-30,,,,2026-05-30T15:57:04,Scotland vs Curacao,Draw,0.3357,0.2922,0.3721,v1.0.0,0.3721,draw_watch,live_api,0.3357,0.2922
2026-05-30T15:57:04,2026-05-30,football,Zimbabwe,India,Zimbabwe,Zimbabwe 2 - 1 India,,Medium,"Zimbabwe recent goals for 1.00, against 0.95 | India recent goals for 1.00, against 1.50 | FIFA rank edge feature +0.00 | home_elo=1508, away_elo=1388, elo_diff=+120, elo_win_probability=0.715 | home_momentum=WLDLD, away_momentum=LWDDL, momentum_score_edge=+0.9 | home_advantage_score=0.12 | draw_probability=0.248, draw_risk=0.331, predicted_result=HOME_WIN | AI analysis: model leans Zimbabwe after combining Elo, form, availability, rest, and venue context. | home_momentum=WLDLD, away_momentum=LWDDL, momentum_score_edge=+0.9 | home_advantage_score=0.12 | draw_probability=0.248, draw_risk=0.331, predicted_result=HOME_WIN",No major data completeness risks detected.,2026-05-30,,,,2026-05-30T15:57:04,Zimbabwe vs India,Zimbabwe,0.5748,0.1769,0.2483,v1.0.0,0.5748,highest_confidence|best_value,live_api,0.5748,0.1769
2026-05-30T15:57:04,2026-05-30,football,Jamaica,Nigeria,Draw,Jamaica 1 - 1 Nigeria,,Low,"Jamaica recent goals for 0.60, against 1.25 | Nigeria recent goals for 1.70, against 1.75 | FIFA rank edge feature +0.00 | home_elo=1485, away_elo=1563, elo_diff=-78, elo_win_probability=0.445 | home_momentum=WDWDW, away_momentum=DWDLD, momentum_score_edge=+2.4 | home_advantage_score=0.12 | draw_probability=0.367, draw_risk=0.721, predicted_result=DRAW | AI analysis: model leans Draw after combining Elo, form, availability, rest, and venue context. | home_momentum=WDWDW, away_momentum=DWDLD, momentum_score_edge=+2.4 | home_advantage_score=0.12 | draw_probability=0.367, draw_risk=0.721, predicted_result=DRAW",No major data completeness risks detected.,2026-05-30,,,,2026-05-30T15:57:04,Jamaica vs Nigeria,Draw,0.3393,0.2936,0.3671,v1.0.0,0.3671,draw_watch,live_api,0.3393,0.2936
2026-05-30T15:57:04,2026-05-30,football,Ecuador,Saudi Arabia,Ecuador,Ecuador 2 - 0 Saudi Arabia,,Medium,"Ecuador recent goals for 1.20, against 0.85 | Saudi Arabia recent goals for 0.95, against 1.45 | FIFA rank edge feature +0.00 | home_elo=1670, away_elo=1511, elo_diff=+159, elo_win_probability=0.759 | home_momentum=DDWDD, away_momentum=LLLWD, momentum_score_edge=+3.7 | home_advantage_score=0.12 | draw_probability=0.237, draw_risk=0.272, predicted_result=HOME_WIN | AI analysis: model leans Ecuador after combining Elo, form, availability, rest, and venue context. | home_momentum=DDWDD, away_momentum=LLLWD, momentum_score_edge=+3.7 | home_advantage_score=0.12 | draw_probability=0.237, draw_risk=0.272, predicted_result=HOME_WIN",No major data completeness risks detected.,2026-05-30,,,,2026-05-30T15:57:04,Ecuador vs Saudi Arabia,Ecuador,0.6393,0.124,0.2367,v1.0.0,0.6393,highest_confidence,live_api,0.6393,0.124
2026-05-30T15:57:04,2026-05-30,football,South Korea,Trinidad and Tobago,South Korea,South Korea 2 - 0 Trinidad and Tobago,,Medium,"South Korea recent goals for 1.50, against 1.30 | Trinidad and Tobago recent goals for 0.45, against 1.45 | FIFA rank edge feature +0.00 | home_elo=1654, away_elo=1425, elo_diff=+230, elo_win_probability=0.825 | home_momentum=LLWWW, away_momentum=LDLWW, momentum_score_edge=-1.3 | home_advantage_score=0.12 | draw_probability=0.220, draw_risk=0.190, predicted_result=HOME_WIN | AI analysis: model leans South Korea after combining Elo, form, availability, rest, and venue context. | home_momentum=LLWWW, away_momentum=LDLWW, momentum_score_edge=-1.3 | home_advantage_score=0.12 | draw_probability=0.220, draw_risk=0.190, predicted_result=HOME_WIN",No major data completeness risks detected.,2026-05-30,,,,2026-05-30T15:57:04,South Korea vs Trinidad and Tobago,South Korea,0.6488,0.1309,0.2203,v1.0.0,0.6488,highest_confidence,live_api,0.6488,0.1309
2026-05-30T15:57:04,2026-05-30,football,Mexico,Australia,Mexico,Mexico 2 - 1 Australia,,Low,"Mexico recent goals for 1.20, against 1.20 | Australia recent goals for 1.35, against 1.10 | FIFA rank edge feature +0.34 | home_elo=1662, away_elo=1619, elo_diff=+44, elo_win_probability=0.618 | home_momentum=DDWWW, away_momentum=LLLWW, momentum_score_edge=+3.5 | home_advantage_score=0.28 | draw_probability=0.277, draw_risk=0.477, predicted_result=HOME_WIN | AI analysis: model leans Mexico after combining Elo, form, availability, rest, and venue context. | home_momentum=DDWWW, away_momentum=LLLWW, momentum_score_edge=+3.5 | home_advantage_score=0.28 | draw_probability=0.277, draw_risk=0.477, predicted_result=HOME_WIN",No major data completeness risks detected.,2026-05-30,,,,2026-05-30T15:57:04,Mexico vs Australia,Mexico,0.5351,0.1874,0.2775,v1.0.0,0.5351,best_value|draw_watch,live_api,0.5351,0.1874
2026-05-31T15:58:10,2026-05-31,football,Japan,Iceland,Japan,Japan 3 - 1 Iceland,,Medium,"Japan recent goals for 2.35, against 0.95 | Iceland recent goals for 0.95, against 1.60 | FIFA rank edge feature +0.00 | home_elo=1705, away_elo=1543, elo_diff=+162, elo_win_probability=0.762 | home_momentum=WWLDW, away_momentum=DDLLW, momentum_score_edge=-0.0 | home_advantage_score=0.12 | draw_probability=0.223, draw_risk=0.204, predicted_result=HOME_WIN | AI analysis: model leans Japan after combining Elo, form, availability, rest, and venue context. | home_momentum=WWLDW, away_momentum=DDLLW, momentum_score_edge=-0.0 | home_advantage_score=0.12 | draw_probability=0.223, draw_risk=0.204, predicted_result=HOME_WIN",No major data completeness risks detected.,2026-05-31,,,,2026-05-31T15:58:10,Japan vs Iceland,Japan,0.6442,0.1328,0.223,v1.0.0,0.6442,highest_confidence,live_api,0.6442,0.1328
2026-05-31T15:58:10,2026-05-31,football,Singapore,Mongolia,Singapore,Singapore 2 - 1 Mongolia,,Low,"Singapore recent goals for 1.45, against 1.55 | Mongolia recent goals for 1.07, against 2.47 | FIFA rank edge feature +0.00 | home_elo=1422, away_elo=1402, elo_diff=+20, elo_win_probability=0.585 | home_momentum=LDLWL, away_momentum=WLLDL, momentum_score_edge=-0.8 | home_advantage_score=0.12 | draw_probability=0.280, draw_risk=0.488, predicted_result=HOME_WIN | AI analysis: model leans Singapore after combining Elo, form, availability, rest, and venue context. | home_momentum=LDLWL, away_momentum=WLLDL, momentum_score_edge=-0.8 | home_advantage_score=0.12 | draw_probability=0.280, draw_risk=0.488, predicted_result=HOME_WIN",No major data completeness risks detected.,2026-05-31,,,,2026-05-31T15:58:10,Singapore vs Mongolia,Singapore,0.4979,0.2225,0.2796,v1.0.0,0.4979,standard,live_api,0.4979,0.2225
2026-05-31T15:58:10,2026-05-31,football,Switzerland,Jordan,Switzerland,Switzerland 3 - 1 Jordan,,Medium,"Switzerland recent goals for 1.95, against 1.25 | Jordan recent goals for 1.40, against 1.90 | FIFA rank edge feature +0.00 | home_elo=1671, away_elo=1492, elo_diff=+179, elo_win_probability=0.779 | home_momentum=DLWWW, away_momentum=DDLLL, momentum_score_edge=+0.7 | home_advantage_score=0.12 | draw_probability=0.219, draw_risk=0.182, predicted_result=HOME_WIN | AI analysis: model leans Switzerland after combining Elo, form, availability, rest, and venue context. | home_momentum=DLWWW, away_momentum=DDLLL, momentum_score_edge=+0.7 | home_advantage_score=0.12 | draw_probability=0.219, draw_risk=0.182, predicted_result=HOME_WIN",No major data completeness risks detected.,2026-05-31,,,,2026-05-31T15:58:10,Switzerland vs Jordan,Switzerland,0.6207,0.1606,0.2188,v1.0.0,0.6207,best_value,live_api,0.6207,0.1606
2026-05-31T15:58:10,2026-05-31,football,Czechia,Kosovo,Draw,Czechia 1 - 1 Kosovo,,Low,"Czechia recent goals for 1.20, against 1.20 | Kosovo recent goals for 1.90, against 1.20 | FIFA rank edge feature +0.00 | home_elo=1500, away_elo=1549, elo_diff=-49, elo_win_probability=0.487 | home_momentum=-----, away_momentum=WWLLW, momentum_score_edge=-1.2 | home_advantage_score=0.12 | draw_probability=0.358, draw_risk=0.883, predicted_result=DRAW | AI analysis: model leans Draw after combining Elo, form, availability, rest, and venue context. | home_momentum=-----, away_momentum=WWLLW, momentum_score_edge=-1.2 | home_advantage_score=0.12 | draw_probability=0.358, draw_risk=0.883, predicted_result=DRAW | Main risk: WARNING: missing data for Czechia: only 0 historical matches",WARNING: missing data for Czechia: only 0 historical matches,2026-05-31,,,,2026-05-31T15:58:10,Czechia vs Kosovo,Draw,0.3018,0.3398,0.3584,v1.0.0,0.3584,draw_watch,live_api,0.3018,0.3398
2026-05-31T15:58:10,2026-05-31,football,Cape Verde,Serbia,Serbia,Cape Verde 1 - 2 Serbia,,Low,"Cape Verde recent goals for 1.55, against 1.05 | Serbia recent goals for 1.65, against 1.15 | FIFA rank edge feature +0.00 | home_elo=1529, away_elo=1656, elo_diff=-127, elo_win_probability=0.378 | home_momentum=DWDLL, away_momentum=WLWLW, momentum_score_edge=-0.5 | home_advantage_score=0.12 | draw_probability=0.322, draw_risk=0.702, predicted_result=AWAY_WIN | AI analysis: model leans Serbia after combining Elo, form, availability, rest, and venue context. | home_momentum=DWDLL, away_momentum=WLWLW, momentum_score_edge=-0.5 | home_advantage_score=0.12 | draw_probability=0.322, draw_risk=0.702, predicted_result=AWAY_WIN",No major data completeness risks detected.,2026-05-31,,,,2026-05-31T15:58:10,Cape Verde vs Serbia,Serbia,0.3386,0.339,0.3224,v1.0.0,0.339,upset_watch|draw_watch,live_api,0.3386,0.339
2026-05-31T15:58:10,2026-05-31,football,Poland,Ukraine,Poland,Poland 2 - 1 Ukraine,,Low,"Poland recent goals for 1.40, against 0.85 | Ukraine recent goals for 1.45, against 1.20 | FIFA rank edge feature +0.00 | home_elo=1674, away_elo=1659, elo_diff=+15, elo_win_probability=0.578 | home_momentum=WWWWW, away_momentum=WWLDD, momentum_score_edge=+3.5 | home_advantage_score=0.12 | draw_probability=0.287, draw_risk=0.525, predicted_result=HOME_WIN | AI analysis: model leans Poland after combining Elo, form, availability, rest, and venue context. | home_momentum=WWWWW, away_momentum=WWLDD, momentum_score_edge=+3.5 | home_advantage_score=0.12 | draw_probability=0.287, draw_risk=0.525, predicted_result=HOME_WIN",No major data completeness risks detected.,2026-05-31,,,,2026-05-31T15:58:10,Poland vs Ukraine,Poland,0.5095,0.2035,0.287,v1.0.0,0.5095,standard,live_api,0.5095,0.2035
2026-05-31T15:58:10,2026-05-31,football,Germany,Finland,Germany,Germany 2 - 1 Finland,,Medium,"Germany recent goals for 1.75, against 1.65 | Finland recent goals for 1.10, against 1.45 | FIFA rank edge feature +0.00 | home_elo=1745, away_elo=1509, elo_diff=+236, elo_win_probability=0.831 | home_momentum=WWWDW, away_momentum=WLDLW, momentum_score_edge=+0.8 | home_advantage_score=0.16 | draw_probability=0.206, draw_risk=0.112, predicted_result=HOME_WIN | AI analysis: model leans Germany after combining Elo, form, availability, rest, and venue context. | home_momentum=WWWDW, away_momentum=WLDLW, momentum_score_edge=+0.8 | home_advantage_score=0.16 | draw_probability=0.206, draw_risk=0.112, predicted_result=HOME_WIN",No major data completeness risks detected.,2026-05-31,,,,2026-05-31T15:58:10,Germany vs Finland,Germany,0.6347,0.1592,0.206,v1.0.0,0.6347,highest_confidence|best_value,live_api,0.6347,0.1592
2026-05-31T15:58:10,2026-05-31,football,United States,Senegal,Draw,United States 2 - 2 Senegal,,Low,"United States recent goals for 1.55, against 1.60 | Senegal recent goals for 1.65, against 1.00 | FIFA rank edge feature +0.33 | home_elo=1642, away_elo=1693, elo_diff=-51, elo_win_probability=0.484 | home_momentum=LLWWW, away_momentum=WWLWD, momentum_score_edge=-1.9 | home_advantage_score=0.22 | draw_probability=0.354, draw_risk=0.750, predicted_result=DRAW | AI analysis: model leans Draw after combining Elo, form, availability, rest, and venue context. | home_momentum=LLWWW, away_momentum=WWLWD, momentum_score_edge=-1.9 | home_advantage_score=0.22 | draw_probability=0.354, draw_risk=0.750, predicted_result=DRAW",No major data completeness risks detected.,2026-05-31,,,,2026-05-31T15:58:10,United States vs Senegal,Draw,0.3339,0.3117,0.3544,v1.0.0,0.3544,draw_watch,live_api,0.3339,0.3117
2026-05-31T15:58:10,2026-05-31,football,Brazil,Panama,Brazil,Brazil 3 - 0 Panama,,High,"Brazil recent goals for 2.20, against 1.05 | Panama recent goals for 1.10, against 1.65 | FIFA rank edge feature +0.45 | home_elo=1882, away_elo=1503, elo_diff=+380, elo_win_probability=0.918 | home_momentum=WLDWW, away_momentum=WDLDL, momentum_score_edge=+1.4 | home_advantage_score=0.18 | draw_probability=0.206, draw_risk=0.083, predicted_result=HOME_WIN | AI analysis: model leans Brazil after combining Elo, form, availability, rest, and venue context. | home_momentum=WLDWW, away_momentum=WDLDL, momentum_score_edge=+1.4 | home_advantage_score=0.18 | draw_probability=0.206, draw_risk=0.083, predicted_result=HOME_WIN",No major data completeness risks detected.,2026-05-31,,,,2026-05-31T15:58:10,Brazil vs Panama,Brazil,0.7135,0.0805,0.206,v1.0.0,0.7135,highest_confidence,live_api,0.7135,0.0805
